seq,vx,vy,avg,ate,rte
handbagdata2/combined3.csv,0.012404,0.006208,0.009306,5.443191,2.985703
